{
    "calculation": "average_salary",
    "option": "age",
    "result": {
        "0": 39000.0,
        "16": 70000.0,
        "21": 41000.0,
        "22": 37000.0,
        "24": 48333.333333333336,
        "25": 42600.0,
        "26": 42000.0,
        "27": 43333.333333333336,
        "28": 25000.0,
        "29": 44000.0,
        "30": 64000.0,
        "33": 33000.0,
        "34": 0.0,
        "35": 44000.0,
        "36": 64000.0,
        "37": 46000.0,
        "39": 41333.333333333336,
        "40": 0.0,
        "41": 33000.0,
        "42": 28000.0,
        "43": 49000.0,
        "44": 27000.0,
        "46": 31666.666666666668,
        "47": 39000.0,
        "48": 48000.0,
        "49": 42000.0,
        "50": 33000.0,
        "51": 42750.0,
        "52": 35500.0,
        "54": 39000.0,
        "55": 29000.0,
        "56": 43000.0,
        "57": 59000.0,
        "59": 38500.0
    }
}